<?xml version="1.0" encoding="UTF-8"?>
<!DOCTYPE mapper PUBLIC "-//mybatis.org//DTD Mapper 3.0//EN" "http://mybatis.org/dtd/mybatis-3-mapper.dtd">


<!--mmmmmmmmmmmmmmmmmmmmmmmmmmmmmmmmmmmmmmmmmmmmmmmmmmmmm-->
<!-- mapper 태그 선언 -->
<!--mmmmmmmmmmmmmmmmmmmmmmmmmmmmmmmmmmmmmmmmmmmmmmmmmmmmm-->
	<!-- namespace 속성값으로 [DAO 인터페이스명]이 오며 -->
	<!-- [DAO 인터페이스] 메소드명과 동일한 id 값을 소유한 태그를 내포하고 있다. -->
<!--mmmmmmmmmmmmmmmmmmmmmmmmmmmmmmmmmmmmmmmmmmmmmmmmmmmmm-->
<mapper namespace="com.naver.erp.QstnDAO">

	<!--***********************************-->
	<!-- 게시판 글 목록 구하는 조건문 설정 -->
	<!--***********************************-->
	<sql id="qstnWhere">

			<if test="keyword1!=null and keyword1.length()>0">

			and(
					upper(qna_no) like upper('%${keyword1}%')
					or upper(subject) like upper('%${keyword1}%')
					or upper(qna_date) like upper('%${keyword1}%')
					or upper(readcount) like upper('%${keyword1}%')
					or upper(content) like upper('%${keyword1}%')
					or upper(user_id) like upper('%${keyword1}%')
				)
			</if>
	</sql>

	<!--**************************************************************************-->
	<!-- 게시판 검색하는 select 문을 내포한 select 태그 선언 -->
	<!--**************************************************************************-->
	<select id="getQstn" parameterType="com.naver.erp.QstnSearchDTO" resultType="java.util.HashMap">
		select * from(select zzz.*, rownum RNUM from(		
			select
				q.qna_no||'' 		as "qna_no"
				,q.subject 			as "subject"
				,u.user_id			as "user_id"
				,to_char(q.qna_date,'YYYY-MM-DD') as "qna_date" 
				,q.readcount||''  	as "readcount"
				,q.qna_pwd 			as "qna_pwd"
				,q.content 			as "content"
				,q.group_no||'' 	as "group_no"
				,q.print_no||'' 	as "print_no"
				,q.print_level||'' 	as "print_level"
				,u.manager			as "manager"
			from qna q, user_info u
			where 1=1 and q.u_no=u.u_no
			<!--=========================================================-->
			<!-- <sql id="qstnWhere"> 태그 안에 삽입된 SQL 구문 삽입하기-->
			<!--=========================================================-->
			<include refid="qstnWhere"/>
			order by q.group_no desc, q.print_no asc
			
		) zzz) where 
		
		   <!-- <![CDATA[ 안의 꺾음새는 모두 부등호로 인식해서 주석 불가능 -->
		   <![CDATA[ 
				RNUM >= ${selectPageNo * rowCntPerPage - rowCntPerPage + 1}
				and RNUM <= ${selectPageNo * rowCntPerPage}
		   ]]>
			
	</select>
	
	<!--*************************************************************-->
	<!-- 게시판 글 목록 총 개수 구하는  select 태그 선언~~~~~~~~~~~~~-->
	<!--*************************************************************-->
	<select id="getQstnAllCnt" parameterType="com.naver.erp.QstnSearchDTO" resultType="int">
		select 
			count(*) 
		from qna q, user_info u
			where 1=1 and q.u_no=u.u_no
				
			<!--=========================================================-->
			<!-- <sql id="qstnWhere"> 태그 안에 삽입된 SQL 구문 삽입하기-->
			<!--=========================================================-->
			<include refid="qstnWhere"/>
	</select>
	
	<!-- 게시판 목록 보여주기, 개시판글 총 갯수 구하기 완료 20200103 AM12:10 -->
	
	
	<!--**************************************************************-->
	<!-- 게시판 기본 정보 입력하는 insert 문을 내포한 insert 태그 선언-->
	<!--**************************************************************-->
	<insert id='insertQstn' parameterType="com.naver.erp.QstnDTO">
         insert into qna(
            qna_no
            ,subject       
            ,u_no      
            ,readcount  
            ,qna_pwd    
            ,content           
           <!--  ,email   -->        
            ,group_no
            ,print_no
            ,print_level 
         ) values (
            (select nvl(max(qna_no),0)+1 from qna)
            ,#{subject}
            ,(select u_no from user_info where user_id=#{user_id})
            ,#{readcount}
            ,#{qna_pwd}
            ,#{content}
             <!--,#{email}--> 
            <if test="qna_no==0">
               ,(select nvl(max(qna_no),0)+1 from qna)
               ,0
               ,0
            </if>
            <if test="qna_no>0">
               ,(select group_no from qna where qna_no=#{qna_no})
               ,(select print_no+1 from qna where qna_no=#{qna_no})
               ,(select print_level+1 from qna where qna_no=#{qna_no})
               <!--  ,(select count(*) from user_info where user_id=#{user_id} and manager='t';)-->
            </if> 
         )
      </insert>
	   
	   
		<!--*************************************************************************************************-->
		<!-- 게시판 글 출력 번호 수정하는 update 문을 내포한 update 선언-->
		<!--*************************************************************************************************-->
		<update id="updatePrintNo" parameterType="com.naver.erp.QstnDTO">
			update qna set print_no = print_no+1
			where
					group_no=(select group_no from qna where qna_no = #{qna_no})
   				and print_no&gt;(select print_no from qna where qna_no = #{qna_no})
		</update> 
		
		
		<!--**************************************************************-->
		<!-- 게시판 1개 글 검색하는 select문을 내포한 select 태그 선언-->
		<!--**************************************************************-->
			<!-- 만약 parameterType이 int,String,double 같이 한 개일 경우 -->
			<!-- SQL 구문 안에서 표현하는 방법은 #{맘대로스펠링} 또는 ${맘대로스펠링}이다 -->
		<select id="getQstnDTO" parameterType="int" resultType="com.naver.erp.QstnDTO">
			select
				qna_no 			"qna_no"
				,subject 		"subject"
				,(select user_id from user_info u where u.u_no = q.u_no) 		"user_id"
				,qna_date 		"qna_date" 
				,readcount   	"readcount"
				,qna_pwd 		"qna_pwd"
				,content 		"content"
				<!-- ,email 			"email" -->
				,group_no 	 	"group_no"
				,print_no 	 	"print_no"
				,print_level  	"print_level"
			from qna q
			where qna_no=#{qna_no}
		</select>
		
		<!--**************************************************************-->
		<!--[게시판 글 조회수 증가]하는 update 태그 선언~~~~~~~~~~~~~~~~~~-->
		<!--**************************************************************-->
		<update id="updateReadcount" parameterType="int">
			update qna set readcount = readcount +1
			where qna_no=#{qna_no}
		</update>
		
		
		<!--**************************************************************-->
		<!--[게시판 수정 후 수정행의 적용 개수를 리턴하는 메소드 선언~~~~~-->
		<!--**************************************************************-->
		<update id="updateQstn" parameterType="com.naver.erp.QstnDTO">
         update
            qna
         set
            subject = #{subject}
            , u_no = (select u_no from user_info where user_id=#{user_id})
            , content = #{content}
            <!-- , email = #{email} -->
         where
            qna_no=${qna_no} and qna_pwd=#{qna_pwd}
      </update>
		
		<!--**************************************************************-->
		<!--삭제/수정할 게시판의 존재 개수를 리턴하는 select 선언~~~~~~~~~-->
		<!--**************************************************************-->
		<select id="getQstnCnt" parameterType="com.naver.erp.QstnDTO" resultType="int">
			select count(*) from qna where qna_no=${qna_no}
		</select>
		
		<!--**************************************************************-->
		<!--삭제/수정할 게시판의 암호 존재 개수를 리턴하는 select 선언~~~~-->
		<!--**************************************************************-->
		<select id="getPwdCnt" parameterType="com.naver.erp.QstnDTO" resultType="int">
			select count(*) from qna where qna_no=${qna_no} and qna_pwd=#{qna_pwd}
		</select>
		
		<!--***************************************************************-->
		<!--게시판 삭제 명령한 후 삭제 적용행의 개수를 리턴하는 delete 선언-->
		<!--***************************************************************-->
		<delete id="deleteQstn" parameterType="com.naver.erp.QstnDTO">
			delete from qna where qna_no=${qna_no} and qna_pwd=#{qna_pwd}
		</delete>
		
		
		<!--***************************************************************-->
		<!--삭제할 게시판의 아들 글 존재 개수를 리턴하는 select 선언-->
		<!--***************************************************************-->
		<select id="getSonCnt" parameterType="com.naver.erp.QstnDTO" resultType="int">
			select count(*) from qna
			where 
					group_no=(select group_no from qna where qna_no = #{qna_no})
   				and print_no=(select print_no+1 from qna where qna_no = #{qna_no})
    			and print_level=(select print_level+1 from qna where qna_no = #{qna_no})
		</select>
		
		<!--*************************************************************************************************-->
		<!--삭제될 게시판 이후 글의 출력 순서번호를 1씩 감소시킨 후 수정 적용행의 개수를 리턴하는 update 선언-->
		<!--*************************************************************************************************-->
		<update id="downPrintNo" parameterType="com.naver.erp.QstnDTO">
			update qna set print_no = print_no-1
			where
					group_no=(select group_no from qna where qna_no = #{qna_no})
   				and print_no&gt;(select print_no from qna where qna_no = #{qna_no})
		</update>
		
		<!--*************************************************************************************************-->
		<!--관리자 계정 개수 리턴하는 select 선언-->
		<!--*************************************************************************************************-->
		<select id='masterQstn' parameterType="com.naver.erp.QstnDTO" resultType="int">
	      select count(*) from user_info where user_id =#{user_id} and manager='t'
	    </select>
	    
	    
	   
	   
	   
	   
	   
	   
	   
	   
	   <!-- <select id='writer' parameterType="com.naver.erp.QstnDTO" resultType="String">
	      select (select u.user_id from user_info u where u.u_no=q.u_no) "writer" from qna q 
	    </select> -->
	    
	   
	   
	   
	   <select id='writer' parameterType="com.naver.erp.QstnDTO" resultType="String">
	      select 'master2' "writer" from dual  
	    </select>
<!-- 	
  *************************************************************************************************
	   로그인후 홈페이지에서 내가 쓴글만 QSTN 리스트 가져오기
	   	<select id="getMyQstnList" parameterType="com.naver.erp.MyQstnSearchDTO" resultType="java.util.HashMap">
		select * from(select zzz.*, rownum RNUM from(
			select
				q.qna_no||'' 		as "qna_no"
   				, q.subject                               "subject"
    			, to_char(q.qna_date, 'yyyy-mm-dd')     "qna_date"
    			, (select count(q.print_level) from qna q
        			where q.print_level>q.group_no)     "reply_cnt"
				,u.user_id       as "user_id" 		
				,q.readcount||''  as "readcount"
				,qna_pwd 		as "qna_pwd"
				,content 		as "content"
				,group_no||'' 	as "group_no"
				,print_no||'' 	as "print_no"
				,print_level||'' as "print_level"
        		
			from qna q, user_info u
			where 1=1
    			and u.u_no=q.u_no and u.u_no=#{u_no}
				order by q.qna_date desc 
		) zzz ) where 
			<![CDATA[
				RNUM>= ${selectPageNo*rowCntPerPage-rowCntPerPage+1}
				and RNUM<= ${selectPageNo*rowCntPerPage}
			]]>
		</select>
		
		
		*************************************************************
		게시판 글 목록 총 개수 구하는  select 태그 선언~~~~~~~~~~~~~
		*************************************************************
		<select id="getMyQstnAllCnt" parameterType="com.naver.erp.MyQstnSearchDTO" resultType="int">
			select 
				count(*) 
			from qna q, user_info u	
			where 1=1
				and u.u_no=q.u_no and u.u_no=#{u_no}
		</select>
		
 -->

	<!--**********************************************홈페이지 내글보기***************************************************-->	
  
	   <!-- 로그인후 홈페이지에서 내가 쓴글만 QSTN 리스트 가져오기 -->
	   	<select id="getMyQstnList" parameterType="com.naver.erp.MyQstnSearchDTO" resultType="java.util.HashMap">
		select * from(select zzz.*, rownum RNUM from(
			select
    			q.qna_no                                                            "qna_no"
    			,q.subject                                                          "subject"
    			,to_char(q.qna_date, 'yyyy-mm-dd')                                  "qna_date"
    			,(select count(*) from qna
        	where group_no = q.qna_no and print_level>0 ) 						  "reply_cnt"
			from qna q
			where q.u_no=#{u_no}

			order by q.qna_date desc
		) zzz ) where RNUM &lt;= 5
		</select>
		
		

		<!-- 내가 쓴글 목록 총 개수 구하기-->
		<select id="getMyQstnAllCnt" parameterType="com.naver.erp.MyQstnSearchDTO" resultType="int">
		select * from(select zzz.*, rownum RNUM from(	
			select 
				count(*) 
			from qna q
			where q.u_no=#{u_no}
			order by q.qna_date desc
		) zzz ) where RNUM &lt;= 5
		</select>
		
		

		
<!--**********************내가쓴글 및 내가쓴글에 달린 댓글 리스트 가져오기**********************-->		
<!-- 성유진 -->
		<!-- 로그인후 홈페이지에서 내가 쓴글만 QSTN 리스트 가져오기 -->
	   	<select id="getMyQstnList2" parameterType="com.naver.erp.MyQstnSearchDTO" resultType="java.util.HashMap">
		select * from(select zzz.*, rownum RNUM from(
		select 
			  q.qna_no||''                                "qna_no"                        
			  ,q.subject                                  "subject"
			  ,u.user_id                                  "user_id"
			  ,to_char(q.qna_date, 'yyyy-mm-dd')          "qna_date" 
			  ,readcount||''                              "readcount"
			  ,q.group_no||'' 	 						"group_no"
			  ,q.print_no||'' 	 						"print_no"
			  ,q.print_level||''  						"print_level"
		from qna q, user_info u
		where 1=1 
		      and group_no = any (select group_no from qna where u_no = ${u_no}) 
		      and q.u_no=u.u_no 
			order by group_no desc, print_no asc
		) zzz ) where
			<![CDATA[
				RNUM>= ${selectPageNo*rowCntPerPage-rowCntPerPage+1}
				and RNUM<= ${selectPageNo*rowCntPerPage}
			]]>
			
		</select>
		
		

		<!-- 내가 쓴글 목록 총 개수 구하기-->
		<select id="getMyQstnAllCnt2" parameterType="com.naver.erp.MyQstnSearchDTO" resultType="int">
			select 
				count(*) 
			from qna q, user_info u	
			where 1=1 
				and group_no = any (select group_no from qna where u_no = ${u_no}) 
		        and q.u_no=u.u_no 
		</select>
<!-- 성유진 끝 -->		



		<!-- 내가 로그인한 정보의 group_no 가져오기  -->
		<select id="getQstnGroupNo" parameterType="String" resultType="HashMap">
			select q.group_no
			from qna q
			where q.u_no = (select u_no from user_info where user_id=#{user_id}) 
		</select>

		
</mapper>	
